Year,Month,Index_2025-01-02,Index_2025-01-03,Index_2025-01-06,Index_2025-01-07,Index_2025-01-08,Index_2025-01-10,Index_2025-01-13,Index_2025-01-14,Index_2025-01-15,Index_2025-01-16,Index_2025-01-17,Index_2025-01-21,Index_2025-01-22,Index_2025-01-23,Index_2025-01-24
2004,8,0.42,0.42,0.42,0.41,0.41,0.41,0.41,0.41,0.41,0.41,0.41,0.41,0.41,0.41,0.41
2004,9,0.03,0.03,0.03,0.01,0.01,0.01,0.01,0.01,0.01,0.01,0.01,0.01,0.01,0.01,0.01
2004,10,0.9,0.9,0.9,0.9,0.9,0.9,0.9,0.9,0.9,0.9,0.9,0.9,0.9,0.9,0.9
2004,11,0.7,0.7,0.7,0.68,0.68,0.68,0.68,0.68,0.68,0.68,0.68,0.68,0.68,0.68,0.68
2004,12,0.52,0.52,0.52,0.49,0.49,0.49,0.49,0.49,0.49,0.49,0.49,0.49,0.49,0.49,0.49
2005,1,0.81,0.81,0.81,0.84,0.84,0.84,0.84,0.84,0.84,0.84,0.84,0.84,0.84,0.84,0.84
2005,2,0.82,0.82,0.82,0.79,0.79,0.79,0.79,0.79,0.79,0.79,0.79,0.79,0.79,0.79,0.79
2005,3,-0.62,-0.62,-0.62,-0.62,-0.62,-0.62,-0.62,-0.62,-0.62,-0.62,-0.62,-0.62,-0.62,-0.62,-0.62
2005,4,1.19,1.19,1.19,1.17,1.17,1.17,1.17,1.17,1.17,1.17,1.17,1.17,1.17,1.17,1.17
2005,5,0.03,0.03,0.03,0.06,0.06,0.06,0.06,0.06,0.06,0.06,0.06,0.06,0.06,0.06,0.06
2005,6,0.38,0.38,0.38,0.34,0.34,0.34,0.34,0.34,0.34,0.34,0.34,0.34,0.34,0.34,0.34
2005,7,-0.75,-0.75,-0.75,-0.7,-0.7,-0.7,-0.7,-0.7,-0.7,-0.7,-0.7,-0.7,-0.7,-0.7,-0.7
2005,8,0.61,0.61,0.61,0.63,0.63,0.63,0.63,0.63,0.63,0.63,0.63,0.63,0.63,0.63,0.63
2005,9,0.45,0.45,0.45,0.44,0.44,0.44,0.44,0.44,0.44,0.44,0.44,0.44,0.44,0.44,0.44
2005,10,0.79,0.79,0.79,0.79,0.79,0.79,0.79,0.79,0.79,0.79,0.79,0.79,0.79,0.79,0.79
2005,11,0.86,0.86,0.86,0.82,0.82,0.82,0.82,0.82,0.82,0.82,0.82,0.82,0.82,0.82,0.82
2005,12,0.7,0.7,0.7,0.68,0.68,0.68,0.68,0.68,0.68,0.68,0.68,0.68,0.68,0.68,0.68
2006,1,0.89,0.89,0.89,0.82,0.82,0.82,0.82,0.82,0.82,0.82,0.82,0.82,0.82,0.82,0.82
2006,2,-0.03,-0.03,-0.03,0.01,0.01,0.01,0.01,0.01,0.01,0.01,0.01,0.01,0.01,0.01,0.01
2006,3,0.82,0.82,0.82,0.8,0.8,0.8,0.8,0.8,0.8,0.8,0.8,0.8,0.8,0.8,0.8
2006,4,-0.42,-0.42,-0.42,-0.4,-0.4,-0.4,-0.4,-0.4,-0.4,-0.4,-0.4,-0.4,-0.4,-0.4,-0.4
2006,5,0.5,0.5,0.5,0.48,0.48,0.48,0.48,0.48,0.48,0.48,0.48,0.48,0.48,0.48,0.48
2006,6,0.36,0.36,0.36,0.34,0.34,0.34,0.34,0.34,0.34,0.34,0.34,0.34,0.34,0.34,0.34
2006,7,-0.88,-0.88,-0.88,-0.85,-0.85,-0.85,-0.85,-0.85,-0.85,-0.85,-0.85,-0.85,-0.85,-0.85,-0.85
2006,8,0.28,0.28,0.28,0.27,0.27,0.27,0.27,0.27,0.27,0.27,0.27,0.27,0.27,0.27,0.27
2006,9,0.34,0.34,0.34,0.37,0.37,0.37,0.37,0.37,0.37,0.37,0.37,0.37,0.37,0.37,0.37
2006,10,-1.31,-1.31,-1.31,-1.29,-1.29,-1.29,-1.29,-1.29,-1.29,-1.29,-1.29,-1.29,-1.29,-1.29,-1.29
2006,11,0.33,0.33,0.33,0.34,0.34,0.34,0.34,0.34,0.34,0.34,0.34,0.34,0.34,0.34,0.34
2006,12,0.59,0.59,0.59,0.57,0.57,0.57,0.57,0.57,0.57,0.57,0.57,0.57,0.57,0.57,0.57
2007,1,-0.7,-0.7,-0.7,-0.69,-0.69,-0.69,-0.69,-0.69,-0.69,-0.69,-0.69,-0.69,-0.69,-0.69,-0.69
2007,2,-0.17,-0.17,-0.17,-0.16,-0.16,-0.16,-0.16,-0.16,-0.16,-0.16,-0.16,-0.16,-0.16,-0.16,-0.16
2007,3,0.86,0.86,0.86,0.85,0.85,0.85,0.85,0.85,0.85,0.85,0.85,0.85,0.85,0.85,0.85
2007,4,-0.2,-0.2,-0.2,-0.18,-0.18,-0.18,-0.18,-0.18,-0.18,-0.18,-0.18,-0.18,-0.18,-0.18,-0.18
2007,5,0.37,0.37,0.37,0.34,0.34,0.34,0.34,0.34,0.34,0.34,0.34,0.34,0.34,0.34,0.34
2007,6,-0.13,-0.13,-0.13,-0.11,-0.11,-0.11,-0.11,-0.11,-0.11,-0.11,-0.11,-0.11,-0.11,-0.11,-0.11
2007,7,-0.29,-0.29,-0.29,-0.29,-0.29,-0.29,-0.29,-0.29,-0.29,-0.29,-0.29,-0.29,-0.29,-0.29,-0.29
2007,8,0.02,0.02,0.02,0.01,0.01,0.01,0.01,0.01,0.01,0.01,0.01,0.01,0.01,0.01,0.01
2007,9,-0.44,-0.44,-0.44,-0.42,-0.42,-0.42,-0.42,-0.42,-0.42,-0.42,-0.42,-0.42,-0.42,-0.42,-0.42
2007,10,0.22,0.22,0.22,0.21,0.21,0.21,0.21,0.21,0.21,0.21,0.21,0.21,0.21,0.21,0.21
2007,11,0.2,0.2,0.2,0.19,0.19,0.19,0.19,0.19,0.19,0.19,0.19,0.19,0.19,0.19,0.19
2007,12,-0.01,-0.01,-0.01,0.03,0.03,0.03,0.03,0.03,0.03,0.03,0.03,0.03,0.03,0.03,0.03
2008,1,0.37,0.37,0.37,0.37,0.37,0.37,0.37,0.37,0.37,0.37,0.37,0.37,0.37,0.37,0.37
2008,2,-0.36,-0.36,-0.36,-0.32,-0.32,-0.32,-0.32,-0.32,-0.32,-0.32,-0.32,-0.32,-0.32,-0.32,-0.32
2008,3,-0.84,-0.84,-0.84,-0.82,-0.82,-0.82,-0.82,-0.82,-0.82,-0.82,-0.82,-0.82,-0.82,-0.82,-0.82
2008,4,0.34,0.34,0.34,0.34,0.34,0.34,0.34,0.34,0.34,0.34,0.34,0.34,0.34,0.34,0.34
2008,5,-0.23,-0.23,-0.23,-0.23,-0.23,-0.23,-0.23,-0.23,-0.23,-0.23,-0.23,-0.23,-0.23,-0.23,-0.23
2008,6,0.77,0.77,0.77,0.78,0.78,0.78,0.78,0.78,0.78,0.78,0.78,0.78,0.78,0.78,0.78
2008,7,-0.83,-0.83,-0.83,-0.8,-0.8,-0.8,-0.8,-0.8,-0.8,-0.8,-0.8,-0.8,-0.8,-0.8,-0.8
2008,8,-1.68,-1.68,-1.68,-1.62,-1.62,-1.62,-1.62,-1.62,-1.62,-1.62,-1.62,-1.62,-1.62,-1.62,-1.62
2008,9,-2.61,-2.61,-2.61,-2.54,-2.54,-2.54,-2.54,-2.54,-2.54,-2.54,-2.54,-2.54,-2.54,-2.54,-2.54
2008,10,-3.23,-3.23,-3.23,-3.09,-3.09,-3.09,-3.09,-3.09,-3.09,-3.09,-3.09,-3.09,-3.09,-3.09,-3.09
2008,11,-4.85,-4.85,-4.85,-4.68,-4.68,-4.68,-4.68,-4.68,-4.68,-4.68,-4.68,-4.68,-4.68,-4.68,-4.68
2008,12,-5.15,-5.15,-5.15,-5,-5,-5,-5,-5,-5,-5,-5,-5,-5,-5,-5
2009,1,-3.81,-3.81,-3.81,-3.78,-3.78,-3.78,-3.78,-3.78,-3.78,-3.78,-3.78,-3.78,-3.78,-3.78,-3.78
2009,2,-1.72,-1.72,-1.72,-1.67,-1.67,-1.67,-1.67,-1.67,-1.67,-1.67,-1.67,-1.67,-1.67,-1.67,-1.67
2009,3,-2.71,-2.71,-2.71,-2.61,-2.61,-2.61,-2.61,-2.61,-2.61,-2.61,-2.61,-2.61,-2.61,-2.61,-2.61
2009,4,-1.94,-1.94,-1.94,-1.9,-1.9,-1.9,-1.9,-1.9,-1.9,-1.9,-1.9,-1.9,-1.9,-1.9,-1.9
2009,5,-0.86,-0.86,-0.86,-0.83,-0.83,-0.83,-0.83,-0.83,-0.83,-0.83,-0.83,-0.83,-0.83,-0.83,-0.83
2009,6,-0.7,-0.7,-0.7,-0.7,-0.7,-0.7,-0.7,-0.7,-0.7,-0.7,-0.7,-0.7,-0.7,-0.7,-0.7
2009,7,-0.6,-0.6,-0.6,-0.55,-0.55,-0.55,-0.55,-0.55,-0.55,-0.55,-0.55,-0.55,-0.55,-0.55,-0.55
2009,8,-1.08,-1.08,-1.08,-1.06,-1.06,-1.06,-1.06,-1.06,-1.06,-1.06,-1.06,-1.06,-1.06,-1.06,-1.06
2009,9,-0.66,-0.66,-0.66,-0.6,-0.6,-0.6,-0.6,-0.6,-0.6,-0.6,-0.6,-0.6,-0.6,-0.6,-0.6
2009,10,0.21,0.21,0.21,0.18,0.18,0.18,0.18,0.18,0.18,0.18,0.18,0.18,0.18,0.18,0.18
2009,11,0.55,0.55,0.55,0.53,0.53,0.53,0.53,0.53,0.53,0.53,0.53,0.53,0.53,0.53,0.53
2009,12,-0.25,-0.25,-0.25,-0.24,-0.24,-0.24,-0.24,-0.24,-0.24,-0.24,-0.24,-0.24,-0.24,-0.24,-0.24
2010,1,0.11,0.11,0.11,0.11,0.11,0.11,0.11,0.11,0.11,0.11,0.11,0.11,0.11,0.11,0.11
2010,2,0.21,0.21,0.2,0.2,0.2,0.2,0.2,0.2,0.2,0.2,0.2,0.2,0.2,0.2,0.2
2010,3,0.87,0.87,0.87,0.81,0.81,0.81,0.81,0.81,0.81,0.81,0.81,0.81,0.81,0.81,0.81
2010,4,-0.21,-0.21,-0.21,-0.21,-0.21,-0.21,-0.21,-0.21,-0.21,-0.21,-0.21,-0.21,-0.21,-0.21,-0.21
2010,5,-0.38,-0.38,-0.38,-0.35,-0.35,-0.35,-0.35,-0.35,-0.35,-0.35,-0.35,-0.35,-0.35,-0.35,-0.35
2010,6,0.02,0.02,0.01,0.01,0.01,0.01,0.01,0.01,0.01,0.01,0.01,0.01,0.01,0.01,0.01
2010,7,-0.18,-0.18,-0.18,-0.2,-0.2,-0.2,-0.2,-0.2,-0.2,-0.2,-0.2,-0.2,-0.2,-0.2,-0.2
2010,8,0.74,0.74,0.74,0.72,0.72,0.72,0.72,0.72,0.72,0.72,0.72,0.72,0.72,0.72,0.72
2010,9,0.8,0.8,0.8,0.78,0.78,0.78,0.78,0.78,0.78,0.78,0.78,0.78,0.78,0.78,0.78
2010,10,0.42,0.42,0.42,0.4,0.4,0.4,0.4,0.4,0.4,0.4,0.4,0.4,0.4,0.4,0.4
2010,11,0.42,0.42,0.42,0.41,0.41,0.41,0.41,0.41,0.41,0.41,0.41,0.41,0.41,0.41,0.41
2010,12,0.77,0.77,0.77,0.77,0.77,0.77,0.77,0.77,0.77,0.77,0.77,0.77,0.77,0.77,0.77
2011,1,0.51,0.51,0.51,0.5,0.5,0.5,0.5,0.5,0.5,0.5,0.5,0.5,0.5,0.5,0.5
2011,2,-0.8,-0.8,-0.8,-0.79,-0.79,-0.79,-0.79,-0.79,-0.79,-0.79,-0.79,-0.79,-0.79,-0.79,-0.79
2011,3,2.24,2.24,2.24,2.2,2.2,2.2,2.2,2.2,2.2,2.2,2.2,2.2,2.2,2.2,2.2
2011,4,-0.22,-0.22,-0.22,-0.22,-0.22,-0.22,-0.22,-0.22,-0.22,-0.22,-0.22,-0.22,-0.22,-0.22,-0.22
2011,5,0.79,0.79,0.79,0.8,0.8,0.8,0.8,0.8,0.8,0.8,0.8,0.8,0.8,0.8,0.8
2011,6,0.1,0.1,0.1,0.1,0.1,0.1,0.1,0.1,0.1,0.1,0.1,0.1,0.1,0.1,0.1
2011,7,0.33,0.33,0.33,0.34,0.34,0.34,0.34,0.34,0.34,0.34,0.34,0.34,0.34,0.34,0.34
2011,8,0.41,0.41,0.41,0.39,0.39,0.39,0.39,0.39,0.39,0.39,0.39,0.39,0.39,0.39,0.39
2011,9,-0.88,-0.88,-0.88,-0.88,-0.88,-0.88,-0.88,-0.88,-0.88,-0.88,-0.88,-0.88,-0.88,-0.88,-0.88
2011,10,0.38,0.38,0.38,0.36,0.36,0.36,0.36,0.36,0.36,0.36,0.36,0.36,0.36,0.36,0.36
2011,11,0.32,0.32,0.32,0.31,0.31,0.31,0.31,0.31,0.31,0.31,0.31,0.31,0.31,0.31,0.31
2011,12,0.39,0.39,0.39,0.39,0.39,0.39,0.39,0.39,0.39,0.39,0.39,0.39,0.39,0.39,0.39
2012,1,0.15,0.15,0.15,0.12,0.12,0.12,0.12,0.12,0.12,0.12,0.12,0.12,0.12,0.12,0.12
2012,2,0.27,0.27,0.27,0.23,0.23,0.23,0.23,0.23,0.23,0.23,0.23,0.23,0.23,0.23,0.23
2012,3,0.4,0.4,0.4,0.39,0.39,0.39,0.39,0.39,0.39,0.39,0.39,0.39,0.39,0.39,0.39
2012,4,-0.41,-0.41,-0.41,-0.4,-0.4,-0.4,-0.4,-0.4,-0.4,-0.4,-0.4,-0.4,-0.4,-0.4,-0.4
2012,5,-0.1,-0.1,-0.1,-0.11,-0.11,-0.11,-0.11,-0.11,-0.11,-0.11,-0.11,-0.11,-0.11,-0.11,-0.11
2012,6,-0.4,-0.4,-0.4,-0.37,-0.37,-0.37,-0.37,-0.37,-0.37,-0.37,-0.37,-0.37,-0.37,-0.37,-0.37
2012,7,0.41,0.41,0.41,0.39,0.39,0.39,0.39,0.39,0.39,0.39,0.39,0.39,0.39,0.39,0.39
2012,8,-0.63,-0.63,-0.63,-0.65,-0.65,-0.65,-0.65,-0.65,-0.65,-0.65,-0.65,-0.65,-0.65,-0.65,-0.65
2012,9,1.58,1.58,1.58,1.55,1.55,1.55,1.55,1.55,1.55,1.55,1.55,1.55,1.55,1.55,1.55
2012,10,-0.45,-0.45,-0.45,-0.44,-0.44,-0.44,-0.44,-0.44,-0.44,-0.44,-0.44,-0.44,-0.44,-0.44,-0.44
2012,11,0.15,0.15,0.15,0.15,0.15,0.15,0.15,0.15,0.15,0.15,0.15,0.15,0.15,0.15,0.15
2012,12,0.59,0.59,0.59,0.57,0.57,0.57,0.57,0.57,0.57,0.57,0.57,0.57,0.57,0.57,0.57
2013,1,-0.29,-0.29,-0.29,-0.32,-0.32,-0.32,-0.32,-0.32,-0.32,-0.32,-0.32,-0.32,-0.32,-0.32,-0.32
2013,2,0.82,0.82,0.82,0.79,0.79,0.79,0.79,0.79,0.79,0.79,0.79,0.79,0.79,0.79,0.79
2013,3,-1.6,-1.6,-1.6,-1.55,-1.55,-1.55,-1.55,-1.55,-1.55,-1.55,-1.55,-1.55,-1.55,-1.55,-1.55
2013,4,0.33,0.33,0.33,0.34,0.34,0.34,0.34,0.34,0.34,0.34,0.34,0.34,0.34,0.34,0.34
2013,5,0.11,0.11,0.11,0.09,0.09,0.09,0.09,0.09,0.09,0.09,0.09,0.09,0.09,0.09,0.09
2013,6,-0.18,-0.18,-0.18,-0.18,-0.18,-0.18,-0.18,-0.18,-0.18,-0.18,-0.18,-0.18,-0.18,-0.18,-0.18
2013,7,-0.18,-0.18,-0.18,-0.19,-0.19,-0.19,-0.19,-0.19,-0.19,-0.19,-0.19,-0.19,-0.19,-0.19,-0.19
2013,8,0.28,0.28,0.28,0.28,0.28,0.28,0.28,0.28,0.28,0.28,0.28,0.28,0.28,0.28,0.28
2013,9,0.75,0.75,0.75,0.73,0.73,0.73,0.73,0.73,0.73,0.73,0.73,0.73,0.73,0.73,0.73
2013,10,0.45,0.45,0.45,0.43,0.43,0.43,0.43,0.43,0.43,0.43,0.43,0.43,0.43,0.43,0.43
2013,11,0.67,0.67,0.67,0.65,0.65,0.65,0.65,0.65,0.65,0.65,0.65,0.65,0.65,0.65,0.65
2013,12,-0.22,-0.22,-0.22,-0.24,-0.24,-0.24,-0.24,-0.24,-0.24,-0.24,-0.24,-0.24,-0.24,-0.24,-0.24
2014,1,-0.63,-0.63,-0.63,-0.59,-0.59,-0.59,-0.59,-0.59,-0.59,-0.59,-0.59,-0.59,-0.59,-0.59,-0.59
2014,2,0.58,0.58,0.58,0.55,0.55,0.55,0.55,0.55,0.55,0.55,0.55,0.55,0.55,0.55,0.55
2014,3,0.73,0.73,0.73,0.71,0.71,0.71,0.71,0.71,0.71,0.71,0.71,0.71,0.71,0.71,0.71
2014,4,0.28,0.28,0.28,0.26,0.26,0.26,0.26,0.26,0.26,0.26,0.26,0.26,0.26,0.26,0.26
2014,5,-0.18,-0.18,-0.18,-0.17,-0.17,-0.17,-0.17,-0.17,-0.17,-0.17,-0.17,-0.17,-0.17,-0.17,-0.17
2014,6,-0.36,-0.36,-0.36,-0.36,-0.36,-0.36,-0.36,-0.36,-0.36,-0.36,-0.36,-0.36,-0.36,-0.36,-0.36
2014,7,2.04,2.04,2.04,2.02,2.02,2.02,2.02,2.02,2.02,2.02,2.02,2.02,2.02,2.02,2.02
2014,8,-1.84,-1.84,-1.84,-1.83,-1.83,-1.83,-1.83,-1.83,-1.83,-1.83,-1.83,-1.83,-1.83,-1.83,-1.83
2014,9,-0.18,-0.18,-0.18,-0.16,-0.16,-0.16,-0.16,-0.16,-0.16,-0.16,-0.16,-0.16,-0.16,-0.16,-0.16
2014,10,0,0,0,-0.01,-0.01,-0.01,-0.01,-0.01,-0.01,-0.01,-0.01,-0.01,-0.01,-0.01,-0.01
2014,11,-0.86,-0.86,-0.86,-0.85,-0.85,-0.85,-0.85,-0.85,-0.85,-0.85,-0.85,-0.85,-0.85,-0.85,-0.85
2014,12,-0.49,-0.49,-0.49,-0.46,-0.46,-0.46,-0.46,-0.46,-0.46,-0.46,-0.46,-0.46,-0.46,-0.46,-0.46
2015,1,-1.09,-1.09,-1.09,-1.05,-1.05,-1.05,-1.05,-1.05,-1.05,-1.05,-1.05,-1.05,-1.05,-1.05,-1.05
2015,2,-0.96,-0.96,-0.96,-0.95,-0.95,-0.95,-0.95,-0.95,-0.95,-0.95,-0.95,-0.95,-0.95,-0.95,-0.95
2015,3,0.77,0.77,0.77,0.75,0.75,0.75,0.75,0.75,0.75,0.75,0.75,0.75,0.75,0.75,0.75
2015,4,0.41,0.41,0.41,0.39,0.39,0.39,0.39,0.39,0.39,0.39,0.39,0.39,0.39,0.39,0.39
2015,5,-0.25,-0.25,-0.25,-0.25,-0.25,-0.25,-0.25,-0.25,-0.25,-0.25,-0.25,-0.25,-0.25,-0.25,-0.25
2015,6,1.09,1.09,1.09,1.08,1.08,1.08,1.08,1.08,1.08,1.08,1.08,1.08,1.08,1.08,1.08
2015,7,-1,-1,-1,-1.01,-1.01,-1.01,-1.01,-1.01,-1.01,-1.01,-1.01,-1.01,-1.01,-1.01,-1.01
2015,8,-0.59,-0.59,-0.59,-0.59,-0.59,-0.59,-0.59,-0.59,-0.59,-0.59,-0.59,-0.59,-0.59,-0.59,-0.59
2015,9,-0.36,-0.36,-0.36,-0.35,-0.35,-0.35,-0.35,-0.35,-0.35,-0.35,-0.35,-0.35,-0.35,-0.35,-0.35
2015,10,-0.5,-0.5,-0.5,-0.49,-0.49,-0.49,-0.49,-0.49,-0.49,-0.49,-0.49,-0.49,-0.49,-0.49,-0.49
2015,11,-0.62,-0.62,-0.62,-0.62,-0.62,-0.62,-0.62,-0.62,-0.62,-0.62,-0.62,-0.62,-0.62,-0.62,-0.62
2015,12,-0.68,-0.68,-0.68,-0.67,-0.67,-0.67,-0.67,-0.67,-0.67,-0.67,-0.67,-0.67,-0.67,-0.67,-0.67
2016,1,-0.63,-0.63,-0.63,-0.61,-0.61,-0.61,-0.61,-0.61,-0.61,-0.61,-0.61,-0.61,-0.61,-0.61,-0.61
2016,2,-0.28,-0.28,-0.28,-0.3,-0.3,-0.3,-0.3,-0.3,-0.3,-0.3,-0.3,-0.3,-0.3,-0.3,-0.3
2016,3,-0.49,-0.49,-0.49,-0.49,-0.49,-0.49,-0.49,-0.49,-0.49,-0.49,-0.49,-0.49,-0.49,-0.49,-0.49
2016,4,0.51,0.51,0.51,0.5,0.5,0.5,0.5,0.5,0.5,0.5,0.5,0.5,0.5,0.5,0.5
2016,5,-0.19,-0.19,-0.19,-0.19,-0.19,-0.19,-0.19,-0.19,-0.19,-0.2,-0.2,-0.2,-0.2,-0.2,-0.2
2016,6,-0.1,-0.1,-0.1,-0.11,-0.11,-0.11,-0.11,-0.11,-0.11,-0.11,-0.11,-0.11,-0.11,-0.11,-0.11
2016,7,-0.21,-0.21,-0.21,-0.2,-0.2,-0.2,-0.2,-0.2,-0.2,-0.2,-0.2,-0.2,-0.2,-0.2,-0.2
2016,8,-0.14,-0.14,-0.14,-0.13,-0.13,-0.13,-0.13,-0.13,-0.13,-0.13,-0.13,-0.13,-0.13,-0.13,-0.13
2016,9,-0.16,-0.16,-0.16,-0.18,-0.18,-0.18,-0.18,-0.18,-0.18,-0.18,-0.18,-0.18,-0.18,-0.18,-0.18
2016,10,0.52,0.52,0.52,0.53,0.53,0.53,0.53,0.53,0.53,0.53,0.53,0.53,0.53,0.53,0.53
2016,11,-0.53,-0.53,-0.53,-0.53,-0.53,-0.53,-0.53,-0.53,-0.53,-0.53,-0.53,-0.53,-0.53,-0.53,-0.53
2016,12,0.68,0.68,0.68,0.66,0.66,0.66,0.66,0.66,0.66,0.66,0.66,0.66,0.66,0.66,0.66
2017,1,0.15,0.15,0.15,0.12,0.12,0.12,0.12,0.12,0.12,0.12,0.12,0.12,0.12,0.12,0.12
2017,2,0,0,0,0.01,0.01,0.01,0.01,0.01,0.01,0.01,0.01,0.01,0.01,0.01,0.01
2017,3,-0.26,-0.26,-0.26,-0.26,-0.26,-0.26,-0.26,-0.26,-0.26,-0.26,-0.26,-0.26,-0.26,-0.26,-0.26
2017,4,-0.41,-0.41,-0.41,-0.41,-0.41,-0.41,-0.41,-0.41,-0.41,-0.41,-0.41,-0.41,-0.41,-0.41,-0.41
2017,5,-0.33,-0.33,-0.33,-0.31,-0.31,-0.31,-0.31,-0.31,-0.31,-0.31,-0.31,-0.31,-0.31,-0.31,-0.31
2017,6,0.87,0.87,0.87,0.85,0.85,0.85,0.85,0.85,0.85,0.85,0.85,0.85,0.85,0.85,0.85
2017,7,-0.95,-0.95,-0.95,-0.93,-0.93,-0.93,-0.93,-0.93,-0.93,-0.93,-0.93,-0.93,-0.93,-0.93,-0.93
2017,8,0.29,0.29,0.29,0.29,0.29,0.29,0.29,0.29,0.29,0.29,0.29,0.29,0.29,0.29,0.29
2017,9,0.4,0.4,0.4,0.38,0.38,0.38,0.38,0.38,0.38,0.38,0.38,0.38,0.38,0.38,0.38
2017,10,0.22,0.22,0.22,0.22,0.22,0.22,0.22,0.22,0.22,0.22,0.22,0.22,0.22,0.22,0.22
2017,11,0.75,0.75,0.75,0.72,0.72,0.72,0.72,0.72,0.72,0.72,0.72,0.72,0.72,0.72,0.72
2017,12,0.5,0.5,0.5,0.49,0.49,0.49,0.49,0.49,0.49,0.49,0.49,0.49,0.49,0.49,0.49
2018,1,-0.39,-0.39,-0.39,-0.37,-0.37,-0.37,-0.37,-0.37,-0.37,-0.37,-0.37,-0.37,-0.37,-0.37,-0.37
2018,2,0.77,0.77,0.77,0.76,0.76,0.76,0.76,0.76,0.76,0.76,0.76,0.76,0.76,0.76,0.76
2018,3,-0.13,-0.13,-0.13,-0.11,-0.11,-0.11,-0.11,-0.11,-0.11,-0.11,-0.11,-0.11,-0.11,-0.11,-0.11
2018,4,-0.2,-0.2,-0.2,-0.2,-0.2,-0.2,-0.2,-0.2,-0.2,-0.2,-0.2,-0.2,-0.2,-0.2,-0.2
2018,5,0.09,0.09,0.09,0.07,0.07,0.07,0.07,0.07,0.07,0.07,0.07,0.07,0.07,0.07,0.07
2018,6,-0.65,-0.65,-0.65,-0.64,-0.64,-0.64,-0.64,-0.64,-0.64,-0.64,-0.64,-0.64,-0.64,-0.64,-0.64
2018,7,-0.17,-0.17,-0.17,-0.17,-0.17,-0.17,-0.17,-0.17,-0.17,-0.17,-0.17,-0.17,-0.17,-0.17,-0.17
2018,8,0.33,0.33,0.33,0.33,0.33,0.33,0.33,0.33,0.33,0.33,0.33,0.33,0.33,0.33,0.33
2018,9,0.15,0.15,0.15,0.17,0.17,0.17,0.17,0.17,0.17,0.17,0.17,0.17,0.17,0.17,0.17
2018,10,-0.32,-0.32,-0.32,-0.35,-0.35,-0.35,-0.35,-0.35,-0.35,-0.35,-0.35,-0.35,-0.35,-0.35,-0.35
2018,11,-0.82,-0.82,-0.82,-0.81,-0.81,-0.81,-0.81,-0.81,-0.81,-0.81,-0.81,-0.81,-0.81,-0.81,-0.81
2018,12,-0.21,-0.21,-0.21,-0.17,-0.17,-0.17,-0.17,-0.17,-0.17,-0.17,-0.17,-0.17,-0.17,-0.17,-0.17
2019,1,0.07,0.07,0.07,0.05,0.05,0.05,0.05,0.05,0.05,0.05,0.05,0.05,0.05,0.05,0.05
2019,2,-0.13,-0.13,-0.13,-0.12,-0.12,-0.12,-0.12,-0.12,-0.12,-0.12,-0.12,-0.12,-0.12,-0.12,-0.12
2019,3,0.33,0.33,0.33,0.31,0.31,0.31,0.31,0.31,0.31,0.31,0.31,0.31,0.31,0.31,0.31
2019,4,-0.24,-0.24,-0.24,-0.23,-0.23,-0.23,-0.23,-0.23,-0.23,-0.23,-0.23,-0.23,-0.23,-0.23,-0.23
2019,5,0,0,0,0,0,0,0,0,0,0,0,0,0,0,0
2019,6,-0.7,-0.7,-0.7,-0.69,-0.69,-0.69,-0.69,-0.69,-0.69,-0.69,-0.69,-0.69,-0.69,-0.69,-0.69
2019,7,0.27,0.27,0.27,0.25,0.25,0.25,0.25,0.25,0.25,0.25,0.25,0.25,0.25,0.25,0.25
2019,8,0.19,0.19,0.19,0.19,0.19,0.19,0.19,0.19,0.19,0.19,0.19,0.19,0.19,0.19,0.19
2019,9,-1.03,-1.03,-1.03,-0.99,-0.99,-0.99,-0.99,-0.99,-0.99,-0.99,-0.99,-0.99,-0.99,-0.99,-0.99
2019,10,-0.33,-0.33,-0.33,-0.33,-0.33,-0.33,-0.33,-0.33,-0.33,-0.33,-0.33,-0.33,-0.33,-0.33,-0.33
2019,11,-0.46,-0.46,-0.46,-0.44,-0.44,-0.44,-0.44,-0.44,-0.44,-0.44,-0.44,-0.44,-0.44,-0.44,-0.44
2019,12,-0.02,-0.02,-0.02,0,0,0,0,0,0,0,0,0,0,0,0
2020,1,-0.37,-0.37,-0.37,-0.35,-0.35,-0.35,-0.35,-0.35,-0.35,-0.35,-0.35,-0.35,-0.35,-0.35,-0.35
2020,2,-0.76,-0.76,-0.76,-0.73,-0.73,-0.73,-0.73,-0.73,-0.73,-0.73,-0.73,-0.73,-0.73,-0.73,-0.73
2020,3,-5.04,-5.04,-5.04,-4.78,-4.78,-4.78,-4.78,-4.78,-4.78,-4.78,-4.78,-4.78,-4.78,-4.78,-4.78
2020,4,-9.55,-9.55,-9.55,-9,-9,-9,-9,-9,-9,-9,-9,-9,-9,-9,-9
2020,5,0.6,0.6,0.6,0.32,0.32,0.32,0.32,0.32,0.32,0.32,0.32,0.32,0.32,0.32,0.32
2020,6,2.11,2.11,2.11,1.98,1.98,1.98,1.98,1.98,1.98,1.98,1.98,1.98,1.98,1.98,1.98
2020,7,2.85,2.85,2.85,2.77,2.77,2.77,2.77,2.77,2.77,2.77,2.77,2.77,2.77,2.77,2.77
2020,8,0.57,0.57,0.57,0.54,0.54,0.54,0.54,0.54,0.54,0.54,0.54,0.54,0.54,0.54,0.54
2020,9,0.95,0.95,0.95,0.86,0.86,0.86,0.86,0.86,0.86,0.86,0.86,0.86,0.86,0.86,0.86
2020,10,1.08,1.08,1.08,1.05,1.05,1.05,1.05,1.05,1.05,1.05,1.05,1.05,1.05,1.05,1.05
2020,11,0.73,0.73,0.73,0.74,0.74,0.74,0.74,0.74,0.74,0.74,0.74,0.74,0.74,0.74,0.74
2020,12,1.12,1.12,1.12,1.08,1.08,1.08,1.08,1.08,1.08,1.08,1.08,1.08,1.08,1.08,1.08
2021,1,1.76,1.76,1.76,1.65,1.65,1.65,1.65,1.65,1.65,1.65,1.65,1.65,1.65,1.65,1.65
2021,2,-0.71,-0.71,-0.71,-0.62,-0.62,-0.62,-0.62,-0.62,-0.62,-0.62,-0.62,-0.62,-0.62,-0.62,-0.62
2021,3,2.38,2.38,2.38,2.16,2.16,2.16,2.16,2.16,2.16,2.16,2.16,2.16,2.16,2.16,2.16
2021,4,-0.13,-0.13,-0.13,-0.12,-0.12,-0.12,-0.12,-0.12,-0.12,-0.12,-0.12,-0.12,-0.12,-0.12,-0.12
2021,5,0.59,0.59,0.59,0.64,0.64,0.64,0.64,0.64,0.64,0.64,0.64,0.64,0.64,0.64,0.64
2021,6,0.99,0.99,0.99,0.98,0.98,0.98,0.98,0.98,0.98,0.98,0.98,0.98,0.98,0.98,0.98
2021,7,0.97,0.97,0.97,0.98,0.99,0.99,0.99,0.99,0.99,0.98,0.98,0.98,0.98,0.98,0.98
2021,8,1.05,1.05,1.05,1.04,1.04,1.04,1.04,1.04,1.04,1.04,1.04,1.04,1.04,1.04,1.04
2021,9,-0.19,-0.19,-0.19,-0.19,-0.19,-0.19,-0.19,-0.19,-0.19,-0.19,-0.19,-0.19,-0.19,-0.19,-0.19
2021,10,2.2,2.2,2.2,2.13,2.13,2.13,2.13,2.13,2.13,2.13,2.13,2.13,2.13,2.13,2.13
2021,11,2.12,2.12,2.12,2.05,2.05,2.05,2.05,2.05,2.05,2.05,2.05,2.05,2.05,2.05,2.05
2021,12,1.9,1.9,1.9,1.82,1.82,1.82,1.82,1.82,1.82,1.82,1.82,1.82,1.82,1.82,1.82
2022,1,1.25,1.25,1.25,1.15,1.15,1.15,1.15,1.15,1.15,1.15,1.15,1.15,1.15,1.15,1.15
2022,2,1.37,1.37,1.37,1.32,1.33,1.33,1.33,1.33,1.33,1.33,1.32,1.32,1.32,1.32,1.32
2022,3,2.61,2.61,2.61,2.51,2.51,2.51,2.51,2.51,2.51,2.51,2.51,2.51,2.51,2.51,2.51
2022,4,1.11,1.11,1.11,1.08,1.08,1.08,1.08,1.08,1.08,1.08,1.08,1.08,1.08,1.08,1.08
2022,5,0.63,0.63,0.63,0.62,0.62,0.62,0.62,0.62,0.62,0.62,0.62,0.62,0.62,0.62,0.62
2022,6,0.75,0.75,0.75,0.7,0.71,0.71,0.71,0.71,0.71,0.71,0.7,0.7,0.7,0.7,0.7
2022,7,-0.31,-0.31,-0.31,-0.3,-0.3,-0.3,-0.3,-0.3,-0.3,-0.3,-0.3,-0.3,-0.3,-0.3,-0.3
2022,8,-0.1,-0.1,-0.1,-0.12,-0.12,-0.12,-0.12,-0.12,-0.12,-0.12,-0.12,-0.12,-0.12,-0.12,-0.12
2022,9,-0.6,-0.6,-0.6,-0.57,-0.57,-0.57,-0.57,-0.57,-0.57,-0.57,-0.57,-0.57,-0.57,-0.57,-0.57
2022,10,0.05,0.05,0.05,0.03,0.03,0.03,0.03,0.03,0.03,0.03,0.03,0.03,0.03,0.03,0.03
2022,11,-1.46,-1.46,-1.47,-1.41,-1.41,-1.41,-1.41,-1.41,-1.41,-1.41,-1.41,-1.41,-1.41,-1.41,-1.41
2022,12,-0.5,-0.5,-0.5,-0.47,-0.47,-0.47,-0.47,-0.47,-0.47,-0.47,-0.47,-0.47,-0.47,-0.47,-0.47
2023,1,0.45,0.45,0.44,0.35,0.35,0.35,0.35,0.35,0.35,0.35,0.35,0.35,0.35,0.35,0.35
2023,2,-0.76,-0.76,-0.76,-0.72,-0.72,-0.72,-0.72,-0.72,-0.72,-0.72,-0.72,-0.72,-0.72,-0.72,-0.72
2023,3,-0.72,-0.72,-0.72,-0.69,-0.69,-0.69,-0.69,-0.69,-0.69,-0.69,-0.69,-0.69,-0.69,-0.69,-0.69
2023,4,-0.26,-0.26,-0.26,-0.26,-0.26,-0.26,-0.26,-0.26,-0.26,-0.26,-0.26,-0.26,-0.26,-0.26,-0.26
2023,5,-0.25,-0.25,-0.25,-0.26,-0.26,-0.26,-0.26,-0.26,-0.26,-0.26,-0.26,-0.26,-0.26,-0.26,-0.26
2023,6,-0.46,-0.46,-0.46,-0.46,-0.46,-0.46,-0.46,-0.46,-0.46,-0.46,-0.46,-0.46,-0.46,-0.46,-0.46
2023,7,-0.42,-0.42,-0.42,-0.4,-0.4,-0.4,-0.4,-0.4,-0.4,-0.4,-0.4,-0.4,-0.4,-0.4,-0.4
2023,8,0.22,0.22,0.22,0.19,0.19,0.19,0.19,0.19,0.19,0.19,0.19,0.19,0.19,0.19,0.19
2023,9,0.46,0.46,0.46,0.43,0.43,0.43,0.43,0.43,0.43,0.43,0.43,0.43,0.43,0.43,0.43
2023,10,-0.77,-0.77,-0.77,-0.74,-0.74,-0.74,-0.74,-0.74,-0.74,-0.74,-0.74,-0.74,-0.74,-0.74,-0.74
2023,11,-0.04,-0.04,-0.04,-0.01,-0.01,-0.01,-0.01,-0.01,-0.01,-0.02,-0.02,-0.02,-0.02,-0.02,-0.02
2023,12,0.04,0.04,0.04,0.02,0.01,0.01,0.01,0.01,0.01,0,0,0,0,0,0
2024,1,-0.85,-0.85,-0.85,-0.82,-0.82,-0.82,-0.82,-0.82,-0.82,-0.8,-0.8,-0.8,-0.8,-0.8,-0.8
2024,2,0.81,0.81,0.81,0.8,0.8,0.8,0.8,0.8,0.8,0.8,0.8,0.8,0.8,0.8,0.8
2024,3,-1.06,-1.06,-1.06,-1.06,-1.06,-1.06,-1.06,-1.06,-1.06,-1.06,-1.06,-1.06,-1.06,-1.06,-1.06
2024,4,0.28,0.28,0.28,0.29,0.29,0.29,0.29,0.29,0.29,0.29,0.29,0.29,0.29,0.29,0.29
2024,5,-0.32,-0.32,-0.32,-0.33,-0.33,-0.33,-0.33,-0.33,-0.33,-0.33,-0.33,-0.33,-0.33,-0.33,-0.33
2024,6,-0.53,-0.53,-0.53,-0.52,-0.53,-0.53,-0.53,-0.53,-0.53,-0.53,-0.53,-0.53,-0.53,-0.53,-0.53
2024,7,0.61,0.61,0.61,0.57,0.57,0.57,0.57,0.57,0.57,0.57,0.57,0.57,0.57,0.57,0.57
2024,8,0.24,0.24,0.24,0.23,0.23,0.23,0.23,0.23,0.23,0.23,0.23,0.23,0.23,0.23,0.23
2024,9,-0.43,-0.43,-0.43,-0.45,-0.45,-0.45,-0.45,-0.45,-0.45,-0.45,-0.45,-0.45,-0.45,-0.45,-0.45
2024,10,-0.76,-0.76,-0.74,-0.71,-0.72,-0.72,-0.72,-0.72,-0.72,-0.71,-0.68,-0.68,-0.68,-0.68,-0.68
2024,11,-0.11,-0.11,0.01,0.38,0.39,0.39,0.39,0.39,0.39,0.39,0.37,0.37,0.37,0.37,0.37
2024,12,NA,NA,NA,NA,NA,0.06,0.06,0.06,0.06,0.14,0.36,0.36,0.36,0.36,0.36